<?xml version="1.0" encoding="utf-8"?>
<ApplicationInstallerManifest>
   <DefaultInstallationDirectory>/Applications/China/runAnt/</DefaultInstallationDirectory>
   <ApplicationName>runAnt</ApplicationName>
   <ExecutableName>application/runAnt.exe</ExecutableName>
   <GUID>47f61aab-ca50-4f66-8e46-6ae8df82ec08</GUID>
   <ApplicationIcon>default_icon_48.png</ApplicationIcon>
   <Logo>default_logo.png</Logo>
   <Version>1.0</Version>
   <InstallationNotes>In the following directions, replace MR/v98 by the directory on the target machine where MATLAB is installed, or MR by the directory where the MATLAB Runtime is installed.

If the environment variable DYLD_LIBRARY_PATH is undefined, set it to the following string:

MR/v98/runtime/maci64:MR/v98/sys/os/maci64:MR/v98/bin/maci64

If it is defined, set it to the following:

${DYLD_LIBRARY_PATH}:MR/v98/runtime/maci64:MR/v98/sys/os/maci64:MR/v98/bin/maci64
</InstallationNotes>
   <AuthorOrganization>China</AuthorOrganization>
   <WelcomePanelText>runAnt 1.0
bigdot
bigdot@126.com</WelcomePanelText>
   <MCRProducts>
      <MCRProduct>
         <ExternalProductIdentifier>35000</ExternalProductIdentifier>
      </MCRProduct>
      <MCRProduct>
         <ExternalProductIdentifier>35010</ExternalProductIdentifier>
      </MCRProduct>
      <MCRProduct>
         <ExternalProductIdentifier>35108</ExternalProductIdentifier>
      </MCRProduct>
   </MCRProducts>
</ApplicationInstallerManifest>